Wall time,Step,Value
1782498888.2668118,3072,-136.5183563232422
1782498889.481309,3584,-140.81983947753906
1782498893.187244,5632,-93.13665771484375
1782498894.1066592,6144,-87.04656219482422
1782498896.0271418,7168,-69.93785095214844
1782498896.958372,7680,-61.20999526977539
1782498897.8783739,8192,-59.38907241821289
1782498899.772741,9216,-63.12735366821289
1782498900.734613,9728,-65.09893798828125
1782498901.647292,10240,-53.46525573730469
1782498902.5667121,10752,-53.180877685546875
1782498906.28777,12800,-31.275012969970703
1782498914.930206,17408,34.312870025634766
1782498915.846688,17920,36.887874603271484
1782498917.7116659,18944,35.77252197265625
1782498920.47353,20480,46.44971466064453
1782498921.386112,20992,51.353275299072266
1782498923.2584279,22016,75.13933563232422
1782498925.204252,23040,87.00397491455078
1782498926.12238,23552,100.3925552368164
1782498927.962475,24576,92.60968780517578
1782498931.806425,25600,81.12959289550781
1782498932.723182,26112,85.38996124267578
1782498935.759407,27648,103.57767486572266
1782498936.695801,28160,106.3824691772461
1782498937.6016908,28672,112.49847412109375
1782498938.508522,29184,106.62201690673828
1782498939.4391308,29696,107.13848876953125
1782498942.2068841,31232,117.4254150390625
1782498943.1211321,31744,123.49651336669922
1782498944.947072,32768,129.1755828857422
1782498946.766836,33792,130.84226989746094
1782498947.674027,34304,132.65428161621094
1782498948.578284,34816,127.67982482910156
1782498949.55388,35328,133.0098876953125
1782498952.34467,36864,141.95433044433594
1782498953.24931,37376,135.9756317138672
1782498954.1619709,37888,141.1714324951172
1782498955.07602,38400,143.5198974609375
1782498956.956924,39424,147.9529266357422
1782498959.9910998,40960,165.99185180664062
1782498964.622071,43520,172.02578735351562
1782498965.53707,44032,168.02537536621094
1782498966.4429178,44544,166.88514709472656
1782498967.3437262,45056,164.1404266357422
1782498968.2484019,45568,168.28033447265625
1782498969.155089,46080,159.11184692382812
1782498973.709683,48640,152.9212188720703
1782498983.612651,52736,190.28860473632812
1782498986.363126,54272,173.9011688232422
1782498987.269645,54784,172.55833435058594
1782498993.676702,58368,176.42953491210938
1782498996.411768,59904,170.50637817382812
1782498998.2247849,60928,175.6038055419922
1782498999.132517,61440,170.819580078125
1782499000.0411048,61952,169.72361755371094
1782499003.71545,64000,175.1361846923828
1782499004.8794482,64512,183.20872497558594
1782499005.808636,65024,186.9670867919922
1782499008.630184,66560,178.57611083984375
1782499009.5468469,67072,174.71047973632812
1782499012.280233,68608,172.9163360595703
1782499015.915512,70656,181.63343811035156
1782499017.728012,71680,190.6001739501953
1782499019.548188,72704,181.1741943359375
1782499020.459796,73216,182.09719848632812
1782499021.36785,73728,179.20361328125
1782499022.274245,74240,177.84657287597656
1782499026.0044029,75264,173.58139038085938
1782499027.8332238,76288,179.8973846435547
1782499029.677973,77312,189.44744873046875
1782499032.440893,78848,198.5686798095703
1782499033.356106,79360,195.1607208251953
1782499034.264537,79872,190.26248168945312
1782499036.079297,80896,186.2775421142578
1782499036.98756,81408,190.16433715820312
1782499037.8961742,81920,185.53741455078125
1782499040.987179,83456,194.42489624023438
1782499042.8689878,84480,198.42742919921875
1782499043.789488,84992,190.67567443847656
1782499045.611615,86016,198.9917449951172
1782499046.556268,86528,199.68203735351562
1782499049.2875452,88064,193.5736846923828
1782499053.832028,90624,203.99009704589844
1782499054.747008,91136,203.98910522460938
1782499055.655435,91648,201.0115966796875
1782499057.469492,92672,205.20831298828125
1782499058.375356,93184,200.1632843017578
1782499060.2290199,94208,198.2353515625
1782499062.0445151,95232,196.32675170898438
1782499062.951115,95744,198.04759216308594
1782499063.8574579,96256,204.2826385498047
1782499064.7686348,96768,196.66920471191406
1782499066.583389,97792,202.89471435546875
1782499067.489127,98304,205.35055541992188
1782499076.061514,101888,196.4514617919922
1782499079.7656791,103936,183.55003356933594
1782499083.411632,105984,193.4267120361328
1782499084.322228,106496,198.29818725585938
1782499085.246509,107008,208.53578186035156
1782499088.910785,109056,212.2777557373047
1782499091.64154,110592,192.07278442382812
1782499094.395529,112128,209.2017822265625
1782499095.324299,112640,207.4501495361328
1782499098.084142,114176,220.35586547851562
1782499098.9931111,114688,223.86074829101562
1782499100.826547,115712,220.4286346435547
1782499101.735598,116224,211.18673706054688
1782499102.644301,116736,216.1361083984375
1782499104.458892,117760,203.47486877441406
1782499105.366569,118272,207.26148986816406
1782499106.274548,118784,197.49769592285156
1782499107.1857789,119296,190.4793701171875
1782499108.1490922,119808,187.1975555419922
1782499109.056025,120320,200.58612060546875
1782499112.02389,121856,213.70814514160156
1782499114.824675,123392,194.42198181152344
1782499120.5059268,125440,187.633056640625
1782499121.412761,125952,189.15333557128906
1782499123.227725,126976,202.90834045410156
1782499125.075459,128000,216.59774780273438
1782499125.984173,128512,224.40406799316406
1782499130.516174,131072,191.80101013183594
1782499133.240917,132608,179.84609985351562
1782499134.1483788,133120,180.30352783203125
1782499135.05166,133632,170.03411865234375
1782499135.961882,134144,182.06494140625
1782499137.780561,135168,189.9725799560547
1782499141.429109,137216,216.27984619140625
1782499143.287626,138240,224.36163330078125
1782499145.105052,139264,230.91546630859375
1782499146.9233139,140288,221.723876953125
1782499151.7938628,142848,215.99856567382812
1782499153.6158872,143872,209.78265380859375
1782499157.294572,145920,208.23948669433594
1782499161.970761,148480,200.1750946044922
1782499163.785538,149504,205.75225830078125
1782499166.644922,150016,194.7395782470703
1782499169.358399,151552,210.09629821777344
1782499171.1748421,152576,209.6147918701172
1782499172.0793018,153088,204.13790893554688
1782499172.982847,153600,201.80584716796875
1782499174.794691,154624,204.91958618164062
1782499175.7014122,155136,199.05413818359375
1782499176.60482,155648,198.26048278808594
1782499180.3197281,157696,205.9620361328125
1782499181.498911,158208,205.9136505126953
1782499183.358749,159232,223.09620666503906
1782499186.110768,160768,227.18067932128906
1782499189.8212092,162816,229.86537170410156
1782499190.753796,163328,234.79193115234375
1782499191.66357,163840,217.19618225097656
1782499192.5705442,164352,208.28746032714844
1782499194.400119,165376,213.4546661376953
1782499197.115063,166912,216.17332458496094
1782499198.022088,167424,224.30052185058594
1782499198.9278479,167936,217.24136352539062
1782499201.656172,169472,205.9744415283203
1782499202.561141,169984,200.4722137451172
1782499204.376011,171008,200.7478790283203
1782499209.952822,174080,196.76193237304688
1782499214.004252,175104,190.4085693359375
1782499216.753324,176640,190.43446350097656
1782499217.6601212,177152,194.98374938964844
1782499219.4834602,178176,198.3480682373047
1782499220.404601,178688,199.81478881835938
1782499224.968699,181248,200.3192138671875
1782499225.8837252,181760,208.34486389160156
1782499227.708832,182784,197.85829162597656
1782499229.531235,183808,200.1421356201172
1782499230.4425468,184320,201.8842315673828
1782499231.351805,184832,211.09547424316406
1782499234.1318882,186368,207.7296905517578
1782499235.043529,186880,214.6145782470703
1782499235.952087,187392,207.2173614501953
1782499237.778783,188416,199.25128173828125
1782499238.680703,188928,205.3443603515625
1782499240.4989052,189952,214.63670349121094
1782499241.4048908,190464,222.28421020507812
1782499243.254869,191488,230.86434936523438
1782499245.1127942,192512,211.71231079101562
1782499246.9784582,193536,202.2917022705078
1782499247.912396,194048,197.4597625732422
1782499248.820342,194560,190.77369689941406
1782499250.649045,195584,203.53834533691406
1782499251.5791051,196096,203.51541137695312
1782499254.300152,197632,207.9385528564453
1782499255.2091892,198144,204.13522338867188
1782499256.11742,198656,197.4701385498047
1782499257.021922,199168,190.71536254882812
1782499261.108358,200192,182.70639038085938
1782499262.0430248,200704,176.84130859375
1782499262.983617,201216,188.97314453125
1782499263.919491,201728,194.7300262451172
1782499272.3605702,206336,219.7974395751953
1782499273.284908,206848,221.4429473876953
1782499275.157857,207872,223.20846557617188
1782499278.073477,209408,223.4027099609375
1782499284.506794,212992,206.86953735351562
1782499285.4194078,213504,203.46255493164062
1782499289.045652,215552,220.45697021484375
1782499289.999111,216064,221.95941162109375
1782499290.997899,216576,230.05348205566406
1782499292.821263,217600,247.70594787597656
1782499294.628926,218624,245.96400451660156
1782499298.250751,220672,220.4493408203125
1782499308.347241,225280,228.90774536132812
1782499309.301117,225792,219.97061157226562
1782499310.5301068,226304,217.965087890625
1782499311.480753,226816,212.97860717773438
1782499313.318144,227840,195.03863525390625
1782499314.2217212,228352,200.42724609375
1782499316.946528,229888,202.44451904296875
1782499319.754619,231424,201.7613067626953
1782499326.1813602,235008,208.64132690429688
1782499327.1031969,235520,203.4222869873047
1782499328.0275662,236032,203.95892333984375
1782499328.949319,236544,202.34202575683594
1782499330.7694259,237568,201.27389526367188
1782499331.6917481,238080,200.24964904785156
1782499332.620629,238592,202.9844512939453
1782499334.474334,239616,208.9786834716797
1782499335.399957,240128,211.16207885742188
1782499336.316952,240640,215.97496032714844
1782499338.133457,241664,217.12863159179688
1782499339.944461,242688,213.75070190429688
1782499340.85242,243200,218.58279418945312
1782499344.8358998,245248,218.0859375
1782499351.261274,248832,223.0437469482422
1782499356.014899,250368,209.48475646972656
1782499356.924392,250880,210.16104125976562
1782499358.765214,251904,214.88421630859375
1782499360.625612,252928,219.0721435546875
1782499363.3921049,254464,228.5364227294922
1782499373.3946,260096,204.67520141601562
1782499376.1147678,261632,211.22125244140625
1782499377.05457,262144,208.5529327392578
1782499377.961298,262656,206.74923706054688
1782499379.769237,263680,211.9476776123047
1782499381.580273,264704,209.10678100585938
1782499382.485844,265216,215.79949951171875
1782499384.297411,266240,223.89944458007812
1782499388.826355,268800,218.7653350830078
1782499389.732328,269312,214.29493713378906
1782499395.2024581,272384,212.81236267089844
1782499397.312543,273408,230.70758056640625
1782499398.2391748,273920,246.11045837402344
1782499399.167935,274432,240.8472900390625
1782499400.1076312,274944,234.0277557373047
1782499402.9728022,275456,235.7568359375
1782499403.878599,275968,235.4578094482422
1782499404.786247,276480,237.8509979248047
1782499405.689947,276992,230.16331481933594
1782499406.5971708,277504,222.49159240722656
1782499407.50979,278016,225.38084411621094
1782499409.3437939,279040,214.88037109375
1782499412.566161,280576,217.2526397705078
1782499413.751105,281088,217.0241241455078
1782499414.921621,281600,220.68423461914062
1782499417.22358,282624,231.99435424804688
1782499421.3819258,284672,226.91366577148438
1782499423.3644109,285696,221.4288787841797
1782499425.183257,286720,224.56466674804688
1782499429.315944,288768,211.60060119628906
1782499430.2377338,289280,213.28768920898438
1782499431.146333,289792,217.76126098632812
1782499433.005235,290816,216.550048828125
1782499434.9426959,291840,220.6172332763672
1782499436.795729,292864,219.10133361816406
1782499438.7149289,293888,218.80064392089844
1782499439.655318,294400,216.45350646972656
1782499442.423271,295936,214.17417907714844
1782499444.233988,296960,217.9327850341797
1782499445.1388319,297472,219.46038818359375
1782499446.0455701,297984,219.6429901123047
1782499447.006429,298496,216.4730224609375
1782499447.9135842,299008,215.37879943847656
1782499448.817325,299520,214.3451690673828
1782499452.948693,300544,222.94613647460938
1782499453.985888,301056,223.1693115234375
1782499458.6941261,303616,215.0697479248047
1782499459.629569,304128,218.0498504638672
1782499461.452988,305152,211.754638671875
1782499462.3658729,305664,214.99583435058594
1782499463.276394,306176,217.468994140625
1782499466.2921119,307712,215.14794921875
1782499468.114348,308736,207.0995330810547
1782499469.966321,309760,208.1453399658203
1782499471.7903092,310784,210.9708251953125
1782499473.612132,311808,212.710205078125
1782499475.4847481,312832,212.2335662841797
1782499476.401994,313344,216.84605407714844
1782499477.317329,313856,209.28207397460938
1782499480.0764391,315392,216.4358673095703
1782499483.83903,317440,227.28524780273438
1782499484.871223,317952,235.0853271484375
1782499486.895693,318976,233.54586791992188
1782499487.930054,319488,226.32254028320312
1782499490.147323,320512,227.7060546875
1782499493.863925,322560,222.6541290283203
1782499500.455038,325120,209.48228454589844
1782499506.8759801,328704,221.55868530273438
1782499507.7903,329216,232.07618713378906
1782499509.627826,330240,235.0780487060547
1782499510.552244,330752,229.64736938476562
1782499511.458375,331264,220.22604370117188
1782499512.395445,331776,220.81686401367188
1782499513.313567,332288,219.41677856445312
1782499514.220958,332800,212.8408660888672
1782499516.039243,333824,208.4636688232422
1782499516.942534,334336,214.15553283691406
1782499520.565378,336384,211.36618041992188
1782499521.4710531,336896,205.7412567138672
1782499523.275174,337920,210.67686462402344
1782499525.084825,338944,221.5126190185547
1782499527.800081,340480,211.79714965820312
1782499529.608692,341504,202.79013061523438
1782499530.515906,342016,210.7253875732422
1782499531.423702,342528,218.88307189941406
1782499534.137516,344064,215.24400329589844
1782499535.042808,344576,204.92324829101562
1782499535.9483762,345088,198.98338317871094
1782499536.853218,345600,190.93479919433594
1782499537.759752,346112,199.7318878173828
1782499539.568469,347136,203.7717742919922
1782499540.473726,347648,225.8709259033203
1782499541.376665,348160,225.17294311523438
1782499543.185001,349184,230.22042846679688
1782499544.125907,349696,228.4467010498047
1782499546.9717782,350208,225.55389404296875
1782499547.884758,350720,219.66390991210938
1782499548.797048,351232,220.6859893798828
1782499549.730177,351744,216.46031188964844
1782499551.5692549,352768,205.72019958496094
1782499552.479188,353280,199.95664978027344
1782499555.21332,354816,206.34942626953125
1782499558.876089,356864,204.94581604003906
1782499561.744833,358400,205.72674560546875
1782499562.664434,358912,208.37879943847656
1782499563.569916,359424,207.93753051757812
1782499565.409415,360448,210.86953735351562
1782499566.321874,360960,204.43060302734375
1782499567.273216,361472,205.87765502929688
1782499568.250605,361984,208.74368286132812
1782499570.505413,363008,211.40548706054688
1782499571.415761,363520,218.91055297851562
1782499572.329406,364032,219.01361083984375
1782499576.0040529,366080,210.39901733398438
1782499579.6738932,368128,208.59507751464844
1782499580.5839748,368640,204.08554077148438
1782499582.479976,369664,203.18165588378906
1782499583.3967428,370176,196.79368591308594
1782499584.309335,370688,201.09910583496094
1782499585.221777,371200,207.13372802734375
1782499586.126503,371712,215.39093017578125
1782499587.033441,372224,206.0833282470703
1782499589.833861,373760,227.9274139404297
1782499590.761717,374272,230.97572326660156
1782499591.697995,374784,231.66697692871094
1782499598.508065,377344,198.639404296875
1782499600.335683,378368,204.25192260742188
1782499601.3622952,378880,215.79547119140625
1782499602.2747562,379392,216.19906616210938
1782499603.1784,379904,214.25408935546875
1782499604.9996228,380928,219.15940856933594
1782499607.817621,382464,211.95016479492188
1782499608.731055,382976,214.11721801757812
1782499611.6536489,384512,209.97927856445312
1782499612.697261,385024,217.5974884033203
1782499613.611244,385536,214.6334228515625
1782499615.43434,386560,213.8194122314453
1782499617.251337,387584,209.2678680419922
1782499619.971206,389120,211.86923217773438
1782499620.87923,389632,214.13832092285156
1782499622.97085,390656,236.38412475585938
1782499625.833903,392192,243.60964965820312
1782499626.783912,392704,247.91207885742188
1782499627.700707,393216,242.58880615234375
1782499629.5342941,394240,239.53648376464844
1782499630.6229389,394752,234.80043029785156
1782499631.680342,395264,232.93333435058594
1782499633.532161,396288,245.71737670898438
1782499634.470695,396800,243.54698181152344
1782499635.3941472,397312,242.95359802246094
1782499639.115152,399360,231.7898406982422
1782499640.031059,399872,236.40489196777344
1782499645.631701,401920,235.83799743652344
1782499646.538063,402432,233.89956665039062
1782499648.341335,403456,216.82655334472656
1782499650.1545558,404480,216.60804748535156
1782499651.976046,405504,215.3780517578125
1782499652.8873641,406016,225.50347900390625
1782499653.795625,406528,228.73390197753906
1782499654.707644,407040,217.26194763183594
1782499655.613817,407552,214.66159057617188
1782499656.513203,408064,205.9210968017578
1782499658.33148,409088,209.74363708496094
1782499660.151735,410112,232.40328979492188
1782499661.968875,411136,238.33921813964844
1782499664.7168362,412672,215.9135284423828
1782499666.5445602,413696,213.86207580566406
1782499667.457599,414208,209.679931640625
1782499668.369466,414720,211.802978515625
1782499672.037492,416768,200.07217407226562
1782499673.859046,417792,212.69590759277344
1782499674.772369,418304,215.81040954589844
1782499676.594462,419328,223.69503784179688
1782499679.325862,420864,214.7890167236328
1782499681.1917691,421888,219.35643005371094
1782499682.1032739,422400,226.92861938476562
1782499683.011615,422912,229.48899841308594
1782499685.7295492,424448,231.35255432128906
1782499690.379931,425984,228.8401641845703
1782499691.299484,426496,218.92324829101562
1782499693.11242,427520,227.4831085205078
1782499694.9230342,428544,216.865966796875
1782499696.739083,429568,222.06094360351562
1782499701.281999,432128,219.5655059814453
1782499703.118931,433152,223.12745666503906
1782499704.051352,433664,220.57870483398438
1782499705.264272,434176,216.4583282470703
1782499706.187084,434688,221.6039581298828
1782499709.000445,436224,213.81861877441406
1782499714.612712,439296,215.9786834716797
1782499716.4717638,440320,219.62249755859375
1782499717.387899,440832,217.93934631347656
1782499718.332727,441344,217.82510375976562
1782499719.292019,441856,214.60171508789062
1782499720.2112598,442368,221.55201721191406
1782499723.841562,444416,225.23497009277344
1782499725.718552,445440,222.77255249023438
1782499726.6316302,445952,217.40573120117188
1782499729.383646,447488,207.44166564941406
1782499730.3011358,448000,214.4397430419922
1782499731.218924,448512,223.7481231689453
1782499732.137457,449024,225.6488494873047
1782499733.047838,449536,226.4835662841797
1782499736.806327,450560,241.9797821044922
1782499737.716539,451072,241.66973876953125
1782499738.629133,451584,232.57106018066406
1782499739.539665,452096,232.3900146484375
1782499741.357256,453120,231.4906768798828
1782499744.125338,454656,229.4034881591797
1782499745.954016,455680,233.17642211914062
1782499746.860555,456192,233.41737365722656
1782499748.6844668,457216,230.86648559570312
1782499749.594547,457728,225.10108947753906
1782499752.327067,459264,217.4454803466797
1782499753.2383082,459776,213.8564453125
1782499755.0632849,460800,225.06747436523438
1782499755.9811862,461312,223.21209716796875
1782499762.78028,464896,220.55783081054688
1782499763.693887,465408,219.43907165527344
1782499764.6282299,465920,223.4665069580078
1782499765.53711,466432,220.38168334960938
1782499766.455724,466944,219.21788024902344
1782499767.418519,467456,221.20892333984375
1782499768.361397,467968,227.91876220703125
1782499770.203743,468992,220.85330200195312
1782499771.1164548,469504,222.079345703125
1782499772.029435,470016,212.52452087402344
1782499774.75885,471552,212.9993438720703
1782499775.665503,472064,217.52420043945312
1782499776.577784,472576,216.69720458984375
1782499777.4890501,473088,224.096923828125
1782499779.304918,474112,234.74755859375
1782499786.6934679,477184,213.97964477539062
1782499787.6000938,477696,212.98733520507812
1782499788.5086799,478208,217.33163452148438
1782499790.348022,479232,233.22219848632812
1782499793.9818811,481280,204.58245849609375
1782499796.710589,482816,183.94454956054688
1782499799.445893,484352,211.79383850097656
1782499803.061311,486400,227.03819274902344
1782499805.8031511,487936,217.10440063476562
1782499806.7517078,488448,217.4893341064453
1782499807.898037,488960,228.74951171875
1782499809.778217,489984,242.17938232421875
1782499810.7282162,490496,241.004638671875
1782499811.684184,491008,233.1116180419922
1782499813.537159,492032,224.73565673828125
1782499814.4622028,492544,221.18394470214844
1782499815.3876412,493056,211.6840362548828
1782499816.3024378,493568,211.20388793945312
1782499817.22268,494080,209.91470336914062
1782499819.042175,495104,213.41246032714844
1782499819.957642,495616,213.10519409179688
1782499821.782909,496640,216.1570587158203
1782499823.6047528,497664,220.80491638183594
1782499824.512713,498176,206.13934326171875
1782499826.33554,499200,198.6797637939453
1782499830.1241941,500224,205.698974609375
1782499831.0583968,500736,203.52224731445312
1782499832.0032918,501248,216.56639099121094
1782499832.916028,501760,211.95022583007812
1782499835.6495821,503296,204.99395751953125
1782499836.565025,503808,209.97740173339844
1782499837.4834208,504320,205.1509552001953
1782499840.2117498,505856,227.70167541503906
1782499841.236369,506368,226.46917724609375
1782499848.5595121,510464,217.167724609375
1782499851.393334,512000,221.87266540527344
1782499852.398852,512512,220.05734252929688
1782499854.2763252,513536,221.72052001953125
1782499856.119223,514560,217.45274353027344
1782499857.03629,515072,221.3491973876953
1782499860.115535,516608,235.12789916992188
1782499861.0764658,517120,229.96194458007812
1782499862.94731,518144,224.126220703125
1782499863.880018,518656,222.76133728027344
1782499864.793878,519168,224.10946655273438
1782499865.701066,519680,225.7920684814453
1782499868.531451,521216,226.70069885253906
1782499878.2339048,525312,225.53480529785156
1782499879.152441,525824,222.7093963623047
1782499880.070687,526336,219.6920623779297
1782499881.945029,527360,223.4871368408203
1782499883.790147,528384,212.9298553466797
1782499884.781225,528896,214.03402709960938
1782499885.695004,529408,218.203857421875
1782499887.579957,530432,216.53399658203125
1782499889.712963,531456,228.26893615722656
1782499890.646652,531968,230.59669494628906
1782499891.563806,532480,229.87367248535156
1782499894.294521,534016,224.50338745117188
1782499895.198446,534528,228.4645538330078
1782499896.109214,535040,225.05967712402344
1782499900.680437,537600,227.62106323242188
1782499902.506449,538624,229.82252502441406
1782499903.415029,539136,220.9528350830078
1782499905.237885,540160,228.18930053710938
1782499906.149477,540672,226.15066528320312
1782499907.9686358,541696,229.30699157714844
1782499913.426513,544768,221.0296630859375
1782499914.332791,545280,214.12802124023438
1782499916.164168,546304,220.37327575683594
1782499918.172262,547328,237.80186462402344
1782499921.87095,549376,228.82589721679688
1782499926.060601,550400,213.86236572265625
1782499927.884144,551424,204.20420837402344
1782499929.712233,552448,218.47247314453125
1782499931.54109,553472,224.235107421875
1782499933.40359,554496,229.4388427734375
1782499934.3967848,555008,235.78355407714844
1782499935.320735,555520,231.63861083984375
1782499936.2697432,556032,234.26986694335938
1782499937.19468,556544,236.90280151367188
1782499940.845761,558592,241.4827880859375
1782499942.713023,559616,233.15635681152344
1782499943.620954,560128,227.4039306640625
1782499949.079336,563200,222.82920837402344
1782499950.893266,564224,223.53515625
1782499952.712838,565248,226.18580627441406
1782499953.628574,565760,225.2556610107422
1782499954.536736,566272,226.70965576171875
1782499959.9974642,569344,221.06944274902344
1782499962.720609,570880,220.49148559570312
1782499964.540478,571904,231.61090087890625
1782499967.26679,573440,237.69461059570312
1782499970.067625,574976,232.6627655029297
1782499973.0857651,575488,234.3838348388672
1782499975.0965052,576512,225.5530242919922
1782499976.027043,577024,233.10861206054688
1782499976.983878,577536,230.82359313964844
1782499977.9139469,578048,232.75758361816406
1782499979.739583,579072,235.813720703125
1782499980.6557791,579584,235.23977661132812
1782499982.472824,580608,226.69281005859375
1782499983.383148,581120,223.13345336914062
1782499984.299891,581632,219.48284912109375
1782499987.0334918,583168,215.48675537109375
1782499987.937834,583680,217.0038299560547
1782499989.757538,584704,220.79776000976562
1782499997.018496,588800,250.91416931152344
1782499997.930901,589312,246.5766143798828
1782499998.879613,589824,236.70001220703125
1782499999.792626,590336,238.16319274902344
1782500002.538162,591872,224.00144958496094
1782500003.4506319,592384,226.61074829101562
1782500004.364476,592896,224.97653198242188
1782500007.096183,594432,216.07623291015625
1782500008.006764,594944,214.99960327148438
1782500008.912688,595456,218.2504425048828
1782500011.63391,596992,235.15185546875
1782543640.576354,553072,246.7178192138672
1782543643.515807,554608,245.4748077392578
1782543646.054961,555632,238.00906372070312
1782543646.990828,556144,237.6313018798828
1782543648.8801851,557168,234.56568908691406
1782543649.808084,557680,240.6334686279297
1782543650.724792,558192,238.9525146484375
1782543652.7018812,559216,237.93540954589844
1782543655.5517492,560752,237.0978240966797
1782543656.5228002,561264,243.1136016845703
1782543657.4526532,561776,246.1573028564453
1782543658.370625,562288,248.61923217773438
1782543659.31022,562800,247.40185546875
1782543660.232617,563312,244.7187042236328
1782543661.1653068,563824,247.5474853515625
1782543662.185683,564336,241.37356567382812
1782543664.179646,565360,234.9598388671875
1782543666.073453,566384,240.22178649902344
1782543666.9996521,566896,239.8584442138672
1782543668.855169,567920,248.64944458007812
1782543670.840558,568944,243.476318359375
1782543672.787497,569968,249.7746124267578
1782543673.7248268,570480,251.48263549804688
1782543674.644178,570992,258.98870849609375
1782543675.57742,571504,257.9371032714844
1782543676.558916,572016,263.8084411621094
1782543677.481686,572528,259.9396057128906
1782543681.855248,574576,259.7143249511719
1782543689.6207821,577136,251.4237518310547
1782543690.5475001,577648,245.57431030273438
1782543692.497874,578672,245.39010620117188
1782543693.967659,579184,245.46194458007812
1782543694.963773,579696,246.20864868164062
1782543698.254548,581232,244.6307830810547
1782543699.330087,581744,247.6385955810547
1782543700.283159,582256,246.7154083251953
1782543702.3615942,583280,252.00558471679688
1782543705.0976698,584816,260.5439147949219
1782543707.9524832,586352,268.2070617675781
1782543709.801043,587376,262.9278259277344
1782543711.7155561,588400,261.6612854003906
1782543712.764789,588912,261.8233337402344
1782543714.705976,589936,253.93533325195312
1782543715.632643,590448,260.40478515625
1782543718.471626,591984,261.2685852050781
1782543719.520446,592496,261.1949768066406
1782543720.481622,593008,267.18975830078125
1782543722.513151,594032,257.49884033203125
1782543723.529005,594544,253.08668518066406
1782543724.482004,595056,249.4097442626953
1782543726.377473,596080,242.21653747558594
1782543727.316206,596592,243.1986083984375
1782543728.23618,597104,240.53237915039062
1782543729.163198,597616,237.60719299316406
1782543730.2375429,598128,243.29808044433594
1782543731.252793,598640,251.95201110839844
1782543739.681161,601200,256.59759521484375
1782543740.599627,601712,256.47314453125
1782543742.474643,602736,249.31825256347656
1782543746.212585,604784,248.16091918945312
1782543747.1621811,605296,250.09613037109375
1782543749.0330071,606320,249.39089965820312
1782543752.761339,608368,259.2085876464844
1782543754.617116,609392,260.81915283203125
1782543756.578476,610416,259.447509765625
1782543758.3992,611440,257.02783203125
1782543759.311009,611952,261.8156433105469
1782543760.2569852,612464,264.8639221191406
1782543761.1836941,612976,262.6265563964844
1782543763.046083,614000,265.6817321777344
1782543765.7948852,615536,255.31504821777344
1782543766.713588,616048,259.0926818847656
1782543768.537947,617072,258.5646057128906
1782543769.448096,617584,258.168701171875
1782543770.3556411,618096,260.3602600097656
1782543772.181983,619120,259.9449462890625
1782543775.8606138,621168,246.4254608154297
1782543777.82388,622192,242.1488037109375
1782543778.743177,622704,242.88282775878906
1782543780.5827498,623728,252.58619689941406
1782543781.5134861,624240,253.26992797851562
1782543787.552428,625776,263.7919006347656
1782543788.48418,626288,261.3688659667969
1782543793.048098,628848,250.15560913085938
1782543793.961684,629360,248.3551788330078
1782543794.872444,629872,249.63497924804688
1782543795.785481,630384,255.4495391845703
1782543797.6238909,631408,259.5369873046875
1782543799.806706,632432,258.07293701171875
1782543800.73563,632944,259.4222106933594
1782543801.674047,633456,260.9035339355469
1782543802.600252,633968,263.23486328125
1782543803.509177,634480,263.7337951660156
1782543804.4580328,634992,265.17535400390625
1782543807.246043,636528,267.38580322265625
1782543810.037129,638064,265.6199645996094
1782543811.858484,639088,266.62139892578125
1782543813.706468,640112,262.0275573730469
1782543814.611426,640624,262.16357421875
1782543815.523644,641136,263.28167724609375
1782543816.452424,641648,258.783935546875
1782543817.388576,642160,256.4471740722656
1782543821.0605912,644208,264.7852478027344
1782543824.7522528,646256,263.0213928222656
1782543826.597089,647280,264.32470703125
1782543827.511466,647792,261.4335021972656
1782543830.292856,649328,257.1249084472656
1782543831.3968608,649840,254.3110809326172
1782543835.5580108,650352,261.6289978027344
1782543838.451947,651888,268.0755920410156
1782543841.276028,653424,253.20135498046875
1782543842.199757,653936,252.5555877685547
1782543843.140945,654448,259.889892578125
1782543844.9836009,655472,254.4047393798828
1782543845.913801,655984,253.03082275390625
1782543846.824291,656496,262.939697265625
1782543849.629627,658032,270.0462646484375
1782543851.471443,659056,276.6576843261719
1782543852.390955,659568,271.1461486816406
1782543853.338668,660080,267.2483825683594
1782543854.267603,660592,266.0747375488281
1782543855.183465,661104,265.2715148925781
1782543856.087892,661616,265.7171630859375
1782543857.9922812,662640,267.50213623046875
1782543858.9201741,663152,271.7968444824219
1782543861.976044,664688,268.46478271484375
1782543866.5583308,667248,262.8824462890625
1782543877.6709042,673392,267.9242248535156
1782543878.5853472,673904,275.5705261230469
1782543879.49947,674416,278.437744140625
1782543880.427069,674928,281.0915222167969
1782543886.9753118,676976,274.4326171875
1782543889.708784,678512,272.7844543457031
1782543890.6196039,679024,272.3428955078125
1782543892.439672,680048,268.6253356933594
1782543893.35392,680560,266.8379211425781
1782543894.263105,681072,263.4354248046875
1782543895.172286,681584,266.1676940917969
1782543896.9991639,682608,259.6312255859375
1782543898.827693,683632,262.32476806640625
1782543899.735142,684144,264.5437927246094
1782543900.649811,684656,270.595947265625
1782543902.511828,685680,279.7914733886719
1782543903.425478,686192,280.5743408203125
1782543904.3313222,686704,278.4327392578125
1782543906.154192,687728,276.41375732421875
1782543907.986774,688752,265.8182067871094
1782543913.440724,691824,263.1176452636719
1782543915.252359,692848,269.0794372558594
1782543918.896951,694896,267.3148193359375
1782543919.83113,695408,266.6042785644531
1782543920.743474,695920,268.33001708984375
1782543924.394086,697968,267.70654296875
1782543931.854456,700528,263.0516357421875
1782543932.764097,701040,263.5204772949219
1782543936.405385,703088,274.1270446777344
1782543940.048358,705136,276.76226806640625
1782543942.778427,706672,270.0381164550781
1782543945.505025,708208,266.47650146484375
1782543946.4121978,708720,266.5111999511719
1782543947.3251572,709232,270.8792419433594
1782543950.051892,710768,275.9604187011719
1782543950.9604008,711280,271.3663635253906
1782543953.709971,712816,276.0298156738281
1782543954.6234381,713328,277.3297119140625
1782543955.535778,713840,281.3752136230469
1782543956.442869,714352,284.3499755859375
1782543957.354837,714864,283.8721618652344
1782543963.744398,718448,261.732421875
1782543964.660686,718960,266.1625671386719
1782543965.573581,719472,267.4409484863281
1782543966.485558,719984,270.3436279296875
1782543968.317229,721008,272.4459228515625
1782543969.2317498,721520,278.83624267578125
1782543970.141023,722032,276.12945556640625
1782543971.076737,722544,277.9376220703125
1782543971.984268,723056,274.5653381347656
1782543972.897111,723568,279.5040588378906
1782543973.806754,724080,283.6278991699219
1782543974.720248,724592,277.6311950683594
1782543978.530577,725104,276.2506408691406
1782543981.33468,726640,271.7078552246094
1782543983.174117,727664,275.675537109375
1782543987.7556438,730224,271.3558654785156
1782543988.672223,730736,267.5267639160156
1782543989.6261601,731248,268.1217956542969
1782543991.537641,732272,270.64837646484375
1782543998.283247,735856,277.17730712890625
1782544000.098711,736880,273.4683837890625
1782544004.6355999,739440,269.3546142578125
1782544005.548459,739952,271.1940002441406
1782544009.175894,742000,278.7310485839844
1782544010.991495,743024,285.0586242675781
1782544011.903991,743536,285.8557434082031
1782544013.722024,744560,287.4881591796875
1782544014.6296058,745072,285.1939392089844
1782544016.462512,746096,279.0534973144531
1782544017.390372,746608,282.5965270996094
1782544023.2590258,749680,271.67181396484375
1782544027.126457,750192,267.8189697265625
1782544028.0531101,750704,263.6272277832031
1782544032.705549,753264,269.13720703125
1782544033.634466,753776,268.5809020996094
1782544042.390323,758384,269.6475830078125
1782544043.346596,758896,268.0399475097656
1782544046.0882728,760432,267.25836181640625
1782544046.9995542,760944,270.358642578125
1782544047.9184918,761456,272.1785583496094
1782544049.733526,762480,276.343505859375
1782544051.572201,763504,273.1612243652344
1782544053.395989,764528,269.1196594238281
1782544055.224378,765552,269.1893005371094
1782544056.137982,766064,273.24029541015625
1782544057.050922,766576,271.022705078125
1782544058.8719869,767600,270.4769592285156
1782544059.785563,768112,266.2222900390625
1782544061.6085289,769136,266.84918212890625
1782544063.436162,770160,268.5284729003906
1782544064.3515341,770672,270.5325927734375
1782544066.1754282,771696,273.20965576171875
1782544067.09729,772208,268.9737548828125
1782544070.801975,774256,273.38037109375
1782544071.713572,774768,272.58880615234375
1782544076.4328141,775792,273.4654235839844
1782544077.347286,776304,271.09942626953125
1782544078.268472,776816,270.6297607421875
1782544079.178754,777328,269.93927001953125
1782544081.030993,778352,275.2133483886719
1782544081.9413161,778864,271.8820495605469
1782544082.85684,779376,270.5662841796875
1782544083.771133,779888,275.41009521484375
1782544087.417888,781936,279.2990417480469
1782544089.241651,782960,274.5830078125
1782544090.149902,783472,273.55731201171875
1782544091.057507,783984,272.6116943359375
1782544092.957152,785008,272.46099853515625
1782544094.795552,786032,272.4872131347656
1782544096.613127,787056,276.9842529296875
1782544098.445718,788080,274.32537841796875
1782544099.3770082,788592,271.74493408203125
1782544100.2910762,789104,278.62127685546875
1782544102.184963,790128,271.5160217285156
1782544103.110601,790640,270.3633117675781
1782544104.0334039,791152,276.9977111816406
1782544104.945548,791664,279.57012939453125
1782544105.870691,792176,280.6697998046875
1782544106.8779871,792688,284.4248962402344
1782544108.743853,793712,278.63726806640625
1782544109.6679628,794224,275.581298828125
1782544112.488805,795760,276.9624328613281
1782544113.465861,796272,281.1854553222656
1782544115.4487932,797296,277.4739074707031
1782544116.434585,797808,278.4662780761719
1782544119.3738391,799344,271.5856018066406
1782544120.407787,799856,270.0571594238281
1782544124.4020312,800368,269.69830322265625
1782544125.325645,800880,270.15869140625
1782544126.3694122,801392,270.1363220214844
1782544128.453583,802416,270.0479431152344
1782544132.82211,804464,279.0989685058594
1782544134.904159,805488,283.54876708984375
1782544135.899494,806000,288.0244445800781
1782544136.8185742,806512,287.62774658203125
1782544139.574634,808048,273.74176025390625
1782544140.503375,808560,275.8182067871094
1782544142.403418,809584,277.75946044921875
1782544146.081504,811632,269.759033203125
1782544146.9931571,812144,269.2545471191406
1782544147.905111,812656,265.7942199707031
1782544148.814133,813168,265.74462890625
1782544150.63852,814192,272.7895202636719
1782544152.4700868,815216,273.2499694824219
1782544154.294623,816240,277.4992980957031
1782544155.202206,816752,276.449462890625
1782544157.041439,817776,268.9102478027344
1782544157.950639,818288,269.8331298828125
1782544158.8649228,818800,268.2708435058594
1782544159.80004,819312,262.13214111328125
1782544161.6228201,820336,262.42706298828125
1782544164.362724,821872,267.96856689453125
1782544165.274128,822384,271.3175048828125
1782544166.184554,822896,272.87774658203125
1782544167.119755,823408,268.2794494628906
1782544168.0520692,823920,269.02032470703125
1782544173.69095,825456,269.49273681640625
1782544174.621247,825968,270.04931640625
1782544178.2884119,828016,275.3743591308594
1782544179.199052,828528,274.0809326171875
1782544181.030613,829552,282.1817321777344
1782544181.9623868,830064,279.1793518066406
1782544182.874706,830576,271.8091125488281
1782544186.5235431,832624,267.19696044921875
1782544189.2536619,834160,270.1700744628906
1782544191.076882,835184,274.98822021484375
1782544193.8154838,836720,283.6181335449219
1782544194.727602,837232,285.5940246582031
1782544195.63616,837744,285.8035583496094
1782544196.5754979,838256,280.6623840332031
1782544197.489184,838768,276.7191467285156
1782544199.315926,839792,277.0411071777344
1782544200.2428532,840304,278.6414794921875
1782544201.155354,840816,281.6478576660156
1782544203.891813,842352,274.86016845703125
1782544204.801665,842864,276.0723876953125
1782544206.628143,843888,276.3836669921875
1782544207.545742,844400,279.85626220703125
1782544208.493449,844912,282.2651672363281
1782544211.22722,846448,280.97113037109375
1782544213.050876,847472,280.2208251953125
1782544213.9977732,847984,279.93035888671875
1782544214.92484,848496,281.8209228515625
1782544215.836169,849008,276.52545166015625
1782544216.7426481,849520,274.7673645019531
1782544225.164114,852592,275.23504638671875
1782544226.118508,853104,274.1463623046875
1782544229.2294662,854640,274.4575500488281
1782544233.824682,857200,273.3868408203125
1782544237.4746828,859248,279.994384765625
1782544239.300268,860272,275.7981872558594
1782544241.143209,861296,275.27996826171875
1782544243.05519,862320,272.3871154785156
1782544244.026001,862832,273.7947998046875
1782544245.065665,863344,275.82049560546875
1782544246.004617,863856,275.2891845703125
1782544249.655297,865904,267.1403503417969
1782544250.562119,866416,265.4154968261719
1782544251.469455,866928,262.7591247558594
1782544253.354442,867952,263.17742919921875
1782544254.348755,868464,263.33502197265625
1782544255.298899,868976,264.0395202636719
1782544259.017932,871024,264.76446533203125
1782544260.842416,872048,270.5763854980469
1782544262.6636422,873072,271.0411682128906
1782544264.48437,874096,278.70599365234375
1782544265.416671,874608,276.7822265625
1782544270.141588,875632,282.6058654785156
1782544273.9437902,877680,276.67041015625
1782544275.781179,878704,273.72381591796875
1782544276.688969,879216,276.1210021972656
1782544279.462464,880752,278.0326843261719
1782544282.258479,882288,285.89288330078125
1782544285.952508,884336,277.7829284667969
1782544287.777015,885360,270.7795715332031
1782544288.711139,885872,275.6700439453125
1782544291.456653,887408,281.3988952636719
1782544295.115984,889456,279.32958984375
1782544296.1229792,889968,279.79107666015625
1782544297.095865,890480,278.5633544921875
1782544298.038518,890992,280.90771484375
1782544300.805421,892528,276.0384216308594
1782544301.7372851,893040,275.6387939453125
1782544302.664107,893552,273.6839599609375
1782544304.504888,894576,269.8143615722656
1782544305.4371421,895088,272.5279235839844
1782544306.3627808,895600,269.23681640625
1782544308.233257,896624,269.5625305175781
1782544309.202971,897136,274.07611083984375
1782544312.333875,898672,265.9892272949219
1782544313.281377,899184,267.1341552734375
1782544318.0765052,900208,274.29632568359375
1782544320.009325,901232,276.90972900390625
1782544320.9344451,901744,276.0858459472656
1782544321.8669288,902256,278.62322998046875
1782544325.590711,904304,267.273681640625
1782544328.3326762,905840,276.0376892089844
1782544329.253688,906352,277.3375549316406
1782544330.167966,906864,281.11773681640625
1782544331.0872378,907376,280.9592590332031
1782544333.8657558,908912,274.9331970214844
1782544336.6365619,910448,276.96490478515625
1782544337.549689,910960,277.1439208984375
1782544338.463742,911472,274.45819091796875
1782544339.3756568,911984,280.3390197753906
1782544340.289438,912496,278.6529541015625
1782544342.118579,913520,276.7602233886719
1782544344.965109,915056,275.6748046875
1782544347.993967,916592,292.19110107421875
1782544351.740243,918640,281.0160217285156
1782544352.675133,919152,289.6840515136719
1782544353.589174,919664,285.9344787597656
1782544354.506416,920176,278.4835510253906
1782544355.42382,920688,277.2586975097656
1782544357.2619169,921712,278.03631591796875
1782544358.197907,922224,273.9981994628906
1782544361.8578272,924272,290.4859924316406
1782544367.473978,925808,285.5088195800781
1782544368.392616,926320,281.13079833984375
1782544371.1316411,927856,280.55908203125
1782544372.0634408,928368,286.2779541015625
1782544372.988373,928880,282.70684814453125
1782544373.935626,929392,280.47296142578125
1782544374.872061,929904,280.6470947265625
1782544376.697214,930928,279.92425537109375
1782544377.6488802,931440,276.6298522949219
1782544378.561944,931952,271.6301574707031
1782544379.4713972,932464,274.9806823730469
1782544380.38659,932976,276.6612243652344
1782544384.358925,935024,287.6636657714844
1782544385.5416288,935536,289.6750183105469
1782544386.457598,936048,292.68914794921875
1782544389.210386,937584,282.2792053222656
1782544391.042681,938608,278.7824401855469
1782544391.958218,939120,273.9969177246094
1782544392.8779142,939632,277.027099609375
1782544394.7159522,940656,279.76531982421875
1782544395.630701,941168,280.9440612792969
1782544396.544776,941680,284.65155029296875
1782544398.370683,942704,278.916015625
1782544399.3054771,943216,284.16265869140625
1782544402.059944,944752,281.2094421386719
1782544403.8932538,945776,288.9556884765625
1782544405.724797,946800,283.9392395019531
1782544406.638675,947312,279.78790283203125
1782544408.481418,948336,278.364990234375
1782544411.253221,949872,277.9099426269531
1782544415.086638,950384,279.2568054199219
